course_title,avg_rating,num_ratings,total_watched_time,num_watches
Customer Analytics in Python,5.0,11,8137.4,135
SQL + Tableau + Python,5.0,7,4937.999999999991,132
Git and GitHub,4.975609756097567,41,6539.500000000023,229
Introduction to Jupyter,4.929824561403482,57,20050.69999999975,550
Data Preprocessing with NumPy,4.903225806451619,31,44323.80000000035,269
