course_title,avg_rating,num_ratings,total_watched_time,num_watches
Introduction to Data and Data Science,4.8583916083917424,572,333265.89999770996,8525
Statistics,4.813953488372306,215,193279.60000001517,2003
Introduction to Excel,4.776859504132346,242,164472.09999999646,2420
SQL,4.816000000000065,125,234824.80000000613,1625
Data Strategy,4.733766233766221,154,102887.49999995515,1395
